<?xml version="1.0" encoding="UTF-8"?>
<project-private xmlns="http://www.netbeans.org/ns/project-private/1">
    <editor-bookmarks xmlns="http://www.netbeans.org/ns/editor-bookmarks/2" lastBookmarkId="0"/>
    <open-files xmlns="http://www.netbeans.org/ns/projectui-open-files/2">
        <group>
            <file>file:/C:/Users/Althaf%20Farrel/OneDrive/Dokumen/NetBeansProjects/Perpustakaan/src/frontend/FormPeminjaman.java</file>
            <file>file:/C:/Users/Althaf%20Farrel/OneDrive/Dokumen/NetBeansProjects/Perpustakaan/src/backend/Peminjaman.java</file>
            <file>file:/C:/Users/Althaf%20Farrel/OneDrive/Dokumen/NetBeansProjects/Perpustakaan/src/backend/Anggota.java</file>
            <file>file:/C:/Users/Althaf%20Farrel/OneDrive/Dokumen/NetBeansProjects/Perpustakaan/src/backend/Buku.java</file>
            <file>file:/C:/Users/Althaf%20Farrel/OneDrive/Dokumen/NetBeansProjects/Perpustakaan/src/frontend/FormKategori.java</file>
            <file>file:/C:/Users/Althaf%20Farrel/OneDrive/Dokumen/NetBeansProjects/Perpustakaan/src/frontend/FormBuku.java</file>
            <file>file:/C:/Users/Althaf%20Farrel/OneDrive/Dokumen/NetBeansProjects/Perpustakaan/src/frontend/FormAnggota.java</file>
        </group>
    </open-files>
</project-private>
